timestamp,currency,rate
2026-10-10 12:02,USD,25862.649232
2026-10-10 12:02,EUR,28981.55750613806
2026-10-10 12:02,JPY,163.39211219645316
2026-10-10 12:02,CNY,3856.3757854547816
2026-10-10 12:02,KRW,19.277547341967367
2026-10-10 12:02,GBP,34216.77830566239
2026-10-10 12:02,SGD,20193.39419776568
2026-10-10 12:02,AUD,18047.591097154622
2026-10-10 12:02,CAD,18144.910952412025
2026-10-10 12:02,CHF,31133.74852623406
2026-10-10 12:02,HKD,3295.335008863747
2026-10-10 12:02,THB,770.4570770970984
2026-10-10 12:02,INR,266.99080150893604
